"Loss_function","Predictor","n","coverage","coverage_MCSE","bias","bias_MCSE"
"GAUSSIAN","Environment1",2,1,0,0.00121166533796357,0.0512174093792565
"GAUSSIAN","Environment2",2,1,0,-0.0770815835327667,0.0288451167083112
"GAUSSIAN","Environment3",2,1,0,0.0122993904831601,0.0127465667110009
"GLM","Environment1",2,1,0,0.0711469931575197,0.0381385999003199
"GLM","Environment2",2,1,0,-0.0289806102999622,0.0461150382417596
"GLM","Environment3",2,1,0,-0.00493262496743745,0.0140625202623002
"MAE","Environment1",2,1,0,-0.049591842630878,0.0545737578757107
"MAE","Environment2",2,1,0,-0.118157893851756,0.0424694780257196
"MAE","Environment3",2,1,0,-0.0281658935420219,0.00812431561986705
"MSE","Environment1",2,1,0,-0.00221525650401599,0.0911707657815423
"MSE","Environment2",2,1,0,-0.0939527870432576,0.0881031797204414
"MSE","Environment3",2,1,0,0.0708210449551898,0.0819742862296971
"NBINOM","Environment1",2,0,0,-1.22108334015434,0.0222672053795858
"NBINOM","Environment2",2,0.5,0.353553390593274,-0.199571680794099,0.123852731116225
"NBINOM","Environment3",2,1,0,-0.126840845330215,0.00472903918553704
"POISSON","Environment1",0,NA,NA,NA,NA
"POISSON","Environment2",0,NA,NA,NA,NA
"POISSON","Environment3",0,NA,NA,NA,NA
