"Predictor","Iteration","Loss_function","RMSE","RMSE_true","Spearman","R2","RMSE_train","RMSE_true_train","Spearman_train","R2_train","Neg_preds","Effect_size","SE","p_value","Failed","Fail_message","AME_true"
"Environment1",1,"GLM",0.984102464454429,0.0868716562301088,0.752220888355342,0.554904556596525,1.01504720660095,0.0770922147167638,0.748746718667967,-0.703933877225514,38,2.10928559305784,0.123566767882159,2.48170117223691e-65,FALSE,NA,2
"Environment1",1,"POISSON",NA,NA,NA,NA,NA,NA,NA,NA,NA,NA,NA,NA,TRUE,"[33m![39m in callr subprocess.
[1mCaused by error[22m in `checkForRemoteErrors(val)`:
[33m![39m one node produced an error: missing value where TRUE/FALSE needed",2
"Environment1",1,"MAE",0.963729410277569,0.196387751643575,0.779495798319328,0.573142678659923,0.957204034018001,0.20666522982658,0.779333983349584,0.625897676496884,37,2.00498191524483,0.21734623062541,2.84012441026626e-20,FALSE,NA,2
"Environment1",1,"MSE",0.977014268749393,0.305023220300765,0.785066026410564,0.561293244234747,0.919609138414872,0.288346292579206,0.789868746718668,0.654706882639419,36,2.08895550927753,0.19616029750225,1.75819189975699e-26,FALSE,NA,2
"Environment1",1,"GAUSSIAN",0.971988311901012,0.253572723442914,0.781608643457383,0.565795225456479,0.938519394388579,0.254285908627472,0.783990099752494,0.640360099789418,36,2.05242907471722,0.141486644351686,1.10735878953809e-47,FALSE,NA,2
"Environment1",1,"NBINOM",1.6907552138688,1.5373080506118,0.710060024009604,-0.313814286789412,1.89575995444734,1.61212932761713,0.726724668116703,-0.467398447670266,0,0.756649454466075,0.404458640447481,0.0613768428305075,FALSE,NA,2
"Environment2",1,"GLM",0.984102464454429,0.0868716562301088,0.752220888355342,0.554904556596525,1.01504720660095,0.0770922147167638,0.748746718667967,-0.703933877225514,38,0.417134427941798,0.135251709863176,0.00204145466234453,FALSE,NA,0.4
"Environment2",1,"POISSON",NA,NA,NA,NA,NA,NA,NA,NA,NA,NA,NA,NA,TRUE,"[33m![39m in callr subprocess.
[1mCaused by error[22m in `checkForRemoteErrors(val)`:
[33m![39m one node produced an error: missing value where TRUE/FALSE needed",0.4
"Environment2",1,"MSE",0.977014268749393,0.305023220300765,0.785066026410564,0.561293244234747,0.919609138414872,0.288346292579206,0.789868746718668,0.654706882639419,36,0.394150392677184,0.154145640545883,0.0105579237603907,FALSE,NA,0.4
"Environment2",1,"GAUSSIAN",0.971988311901012,0.253572723442914,0.781608643457383,0.565795225456479,0.938519394388579,0.254285908627472,0.783990099752494,0.640360099789418,36,0.351763533175545,0.177146520102038,0.0470643318810677,FALSE,NA,0.4
"Environment2",1,"MAE",0.963729410277569,0.196387751643575,0.779495798319328,0.573142678659923,0.957204034018001,0.20666522982658,0.779333983349584,0.625897676496884,37,0.324311584173964,0.183837060977442,0.0777109097420666,FALSE,NA,0.4
"Environment2",1,"NBINOM",1.6907552138688,1.5373080506118,0.710060024009604,-0.313814286789412,1.89575995444734,1.61212932761713,0.726724668116703,-0.467398447670266,0,0.324281050322127,0.217356406605929,0.135716885981186,FALSE,NA,0.4
"Environment3",1,"GLM",0.984102464454429,0.0868716562301088,0.752220888355342,0.554904556596525,1.01504720660095,0.0770922147167638,0.748746718667967,-0.703933877225514,38,0.109129895294863,0.116846020137641,0.350322821198046,FALSE,NA,0.1
"Environment3",1,"MSE",0.977014268749393,0.305023220300765,0.785066026410564,0.561293244234747,0.919609138414872,0.288346292579206,0.789868746718668,0.654706882639419,36,0.252795331184887,0.142594009599907,0.0762564236968355,FALSE,NA,0.1
"Environment3",1,"GAUSSIAN",0.971988311901012,0.253572723442914,0.781608643457383,0.565795225456479,0.938519394388579,0.254285908627472,0.783990099752494,0.640360099789418,36,0.125045957194161,0.197419158964802,0.526470276099962,FALSE,NA,0.1
"Environment3",1,"POISSON",NA,NA,NA,NA,NA,NA,NA,NA,NA,NA,NA,NA,TRUE,"[33m![39m in callr subprocess.
[1mCaused by error[22m in `checkForRemoteErrors(val)`:
[33m![39m one node produced an error: missing value where TRUE/FALSE needed",0.1
"Environment3",1,"MAE",0.963729410277569,0.196387751643575,0.779495798319328,0.573142678659923,0.957204034018001,0.20666522982658,0.779333983349584,0.625897676496884,37,0.0637097908381111,0.176308738092047,0.717835156735141,FALSE,NA,0.1
"Environment3",1,"NBINOM",1.6907552138688,1.5373080506118,0.710060024009604,-0.313814286789412,1.89575995444734,1.61212932761713,0.726724668116703,-0.467398447670266,0,-0.031569884515752,0.163178106475618,0.846591780496752,FALSE,NA,0.1
"Environment1",2,"GLM",0.952667019745,0.109575131181397,0.700456182472989,0.479155901378333,0.911204899272358,0.107429438793482,0.808067201680042,-0.575718461212975,38,2.0330083932572,0.0826808342938528,1.67154227356444e-133,FALSE,NA,2
"Environment1",2,"POISSON",NA,NA,NA,NA,NA,NA,NA,NA,NA,NA,NA,NA,TRUE,"[33m![39m in callr subprocess.
[1mCaused by error[22m in `checkForRemoteErrors(val)`:
[33m![39m one node produced an error: missing value where TRUE/FALSE needed",2
"Environment1",2,"MAE",0.962902143085821,0.203396916394093,0.685954381752701,0.467904246461545,0.893683160167359,0.211020103769818,0.815937898447461,0.637577031138231,40,1.89583439949341,0.164612872063779,1.08408885852978e-30,FALSE,NA,2
"Environment1",2,"MSE",0.955237468794793,0.165978065150237,0.672316926770708,0.476341467071366,0.874436515338122,0.191512937280957,0.82137553438836,0.653019447351994,38,1.90661397771444,0.15206525260451,4.61760722579103e-36,FALSE,NA,2
"Environment1",2,"GAUSSIAN",0.964066683839777,0.168523293758437,0.673661464585834,0.466616427346527,0.879976255548457,0.201953321423866,0.819348983724593,0.648609130991785,38,1.94999425595871,0.169058005539368,8.84315534742713e-31,FALSE,NA,2
"Environment1",2,"NBINOM",1.60779018880282,1.38123397038228,0.681824729891957,-0.483488673101076,1.85842268049763,1.5355046692143,0.80732768319208,-0.567247402269497,0,0.801183865225247,0.564391861844836,0.15573800917902,FALSE,NA,2
"Environment2",2,"GLM",0.952667019745,0.109575131181397,0.700456182472989,0.479155901378333,0.911204899272358,0.107429438793482,0.808067201680042,-0.575718461212975,38,0.324904351458278,0.106481564465874,0.00227873076291774,FALSE,NA,0.4
"Environment2",2,"POISSON",NA,NA,NA,NA,NA,NA,NA,NA,NA,NA,NA,NA,TRUE,"[33m![39m in callr subprocess.
[1mCaused by error[22m in `checkForRemoteErrors(val)`:
[33m![39m one node produced an error: missing value where TRUE/FALSE needed",0.4
"Environment2",2,"MSE",0.955237468794793,0.165978065150237,0.672316926770708,0.476341467071366,0.874436515338122,0.191512937280957,0.82137553438836,0.653019447351994,38,0.217944033236301,0.188021624521495,0.246397720303249,FALSE,NA,0.4
"Environment2",2,"GAUSSIAN",0.964066683839777,0.168523293758437,0.673661464585834,0.466616427346527,0.879976255548457,0.201953321423866,0.819348983724593,0.648609130991785,38,0.294073299758922,0.148800120487245,0.0481210974343739,FALSE,NA,0.4
"Environment2",2,"MAE",0.962902143085821,0.203396916394093,0.685954381752701,0.467904246461545,0.893683160167359,0.211020103769818,0.815937898447461,0.637577031138231,40,0.239372628122524,0.209713550392061,0.253692433982416,FALSE,NA,0.4
"Environment2",2,"NBINOM",1.60779018880282,1.38123397038228,0.681824729891957,-0.483488673101076,1.85842268049763,1.5355046692143,0.80732768319208,-0.567247402269497,0,0.0765755880896764,0.0711967510521725,0.28212904630404,FALSE,NA,0.4
"Environment3",2,"GLM",0.952667019745,0.109575131181397,0.700456182472989,0.479155901378333,0.911204899272358,0.107429438793482,0.808067201680042,-0.575718461212975,38,0.0810048547702624,0.0895494052241189,0.365686432757277,FALSE,NA,0.1
"Environment3",2,"MSE",0.955237468794793,0.165978065150237,0.672316926770708,0.476341467071366,0.874436515338122,0.191512937280957,0.82137553438836,0.653019447351994,38,0.0888467587254927,0.12938865920371,0.4922933944662,FALSE,NA,0.1
"Environment3",2,"GAUSSIAN",0.964066683839777,0.168523293758437,0.673661464585834,0.466616427346527,0.879976255548457,0.201953321423866,0.819348983724593,0.648609130991785,38,0.0995528237721592,0.12504615687057,0.425957283207146,FALSE,NA,0.1
"Environment3",2,"POISSON",NA,NA,NA,NA,NA,NA,NA,NA,NA,NA,NA,NA,TRUE,"[33m![39m in callr subprocess.
[1mCaused by error[22m in `checkForRemoteErrors(val)`:
[33m![39m one node produced an error: missing value where TRUE/FALSE needed",0.1
"Environment3",2,"MAE",0.962902143085821,0.203396916394093,0.685954381752701,0.467904246461545,0.893683160167359,0.211020103769818,0.815937898447461,0.637577031138231,40,0.0799584220778452,0.186989176394209,0.66893516068724,FALSE,NA,0.1
"Environment3",2,"NBINOM",1.60779018880282,1.38123397038228,0.681824729891957,-0.483488673101076,1.85842268049763,1.5355046692143,0.80732768319208,-0.567247402269497,0,-0.0221118061446779,0.0787511636261537,0.778878614403236,FALSE,NA,0.1
