"Predictor","Iteration","Loss_function","RMSE","RMSE_true","Spearman","R2","RMSE_train","RMSE_true_train","Spearman_train","R2_train","Neg_preds","Effect_size","SE","p_value","AME_true"
"Environment1",1,"GLM",1.35744226576503,0.450200122070077,0.542603894077861,0.2580494672232,0.650611449528182,0.299680628304268,0.479324668969861,0.205167705205047,0,0.701385430167712,0.0988082907273648,1.26166411636881e-12,1.20011519397208
"Environment1",1,"POISSON",1.44525183060547,0.609527704574773,0.475206197773785,0.169961834070119,0.631762189946279,0.376556010282021,0.517012692098478,0.240470609897373,0,0.551863586899984,0.131060136949902,2.54506102230377e-05,1.20011519397208
"Environment1",1,"MAE",1.52604790081432,0.736857209502683,0.463228065015403,-0.468101584075537,0.70359407493812,0.536980005510115,0.520524674318867,-0.171039984649058,8,0.423347225220317,0.229380537272986,0.0649487192875645,1.20011519397208
"Environment1",1,"MSE",1.45634447137597,0.582409836080749,0.462455282256798,0.158117054783862,0.63953564760055,0.37209853035275,0.516968060076615,0.240191432515428,0,0.600581558177912,0.105973221721836,1.45069070170652e-08,1.20011519397208
"Environment1",1,"GAUSSIAN",1.43148781702496,0.569788935904132,0.488288305901603,0.186121428386005,0.627942572934802,0.345183308062882,0.526742472864733,0.248561912072246,1,0.626823983488546,0.153229821901044,4.29991451469476e-05,1.20011519397208
"Environment1",1,"NBINOM",1.42594331616824,0.577719751517552,0.503688762305238,0.201615769153204,0.640091691049519,0.363992787315529,0.515598414905677,0.233029223571617,0,0.553311845133096,0.0969475949807192,1.14762649309513e-08,1.20011519397208
"Environment2",1,"GLM",1.35744226576503,0.450200122070077,0.542603894077861,0.2580494672232,0.650611449528182,0.299680628304268,0.479324668969861,0.205167705205047,0,0.350826732704686,0.101281743010827,0.000532464910112477,0.240023038794416
"Environment2",1,"POISSON",1.44525183060547,0.609527704574773,0.475206197773785,0.169961834070119,0.631762189946279,0.376556010282021,0.517012692098478,0.240470609897373,0,0.368743277857833,0.104879570236839,0.000438310143373774,0.240023038794416
"Environment2",1,"MSE",1.45634447137597,0.582409836080749,0.462455282256798,0.158117054783862,0.63953564760055,0.37209853035275,0.516968060076615,0.240191432515428,0,0.411120080282337,0.0639706713547942,1.30406943872358e-10,0.240023038794416
"Environment2",1,"GAUSSIAN",1.43148781702496,0.569788935904132,0.488288305901603,0.186121428386005,0.627942572934802,0.345183308062882,0.526742472864733,0.248561912072246,1,0.35114768311067,0.0642575746759105,4.63718196026295e-08,0.240023038794416
"Environment2",1,"MAE",1.52604790081432,0.736857209502683,0.463228065015403,-0.468101584075537,0.70359407493812,0.536980005510115,0.520524674318867,-0.171039984649058,8,0.27696833592921,0.150640060293241,0.0659725550426673,0.240023038794416
"Environment2",1,"NBINOM",1.42594331616824,0.577719751517552,0.503688762305238,0.201615769153204,0.640091691049519,0.363992787315529,0.515598414905677,0.233029223571617,0,0.28840274578339,0.137905214306106,0.0365001592217498,0.240023038794416
"Environment3",1,"GLM",1.35744226576503,0.450200122070077,0.542603894077861,0.2580494672232,0.650611449528182,0.299680628304268,0.479324668969861,0.205167705205047,0,-0.092381929820317,0.10277059579881,0.368698457477959,0.060005759698604
"Environment3",1,"MSE",1.45634447137597,0.582409836080749,0.462455282256798,0.158117054783862,0.63953564760055,0.37209853035275,0.516968060076615,0.240191432515428,0,-0.0811324321908877,0.0692813997349948,0.241576074900336,0.060005759698604
"Environment3",1,"GAUSSIAN",1.43148781702496,0.569788935904132,0.488288305901603,0.186121428386005,0.627942572934802,0.345183308062882,0.526742472864733,0.248561912072246,1,-0.0794806811732053,0.110045029330633,0.470137107900116,0.060005759698604
"Environment3",1,"POISSON",1.44525183060547,0.609527704574773,0.475206197773785,0.169961834070119,0.631762189946279,0.376556010282021,0.517012692098478,0.240470609897373,0,-0.0682001931555842,0.0579227676194141,0.239022620822168,0.060005759698604
"Environment3",1,"MAE",1.52604790081432,0.736857209502683,0.463228065015403,-0.468101584075537,0.70359407493812,0.536980005510115,0.520524674318867,-0.171039984649058,8,-0.127342938213275,0.114086587250268,0.264338449370437,0.060005759698604
"Environment3",1,"NBINOM",1.42594331616824,0.577719751517552,0.503688762305238,0.201615769153204,0.640091691049519,0.363992787315529,0.515598414905677,0.233029223571617,0,-0.0736434132908089,0.0900387704299387,0.413409831983595,0.060005759698604
"Environment1",2,"GLM",0.726557866704964,0.145405169068524,0.395575519395666,0.103844222231871,0.718585539073701,0.147090576749889,0.595241354445361,0.278198133962101,0,1.15204938620489,0.187172390715908,7.50690897901897e-10,1.30008060797885
"Environment1",2,"POISSON",0.696015754592823,0.269982159912503,0.410555699281228,0.12919324179875,0.668849588357477,0.244886044306125,0.631516926415938,0.313504448544949,0,1.04202486786229,0.16767466684298,5.14675113593388e-10,1.30008060797885
"Environment1",2,"MAE",0.759717482036676,0.395010330276959,0.396124243933599,-0.412504683040545,0.726518895937542,0.347527989783539,0.626681022428979,0.0485491357586656,5,0.904914310838526,0.256562695404505,0.000420187361461835,1.30008060797885
"Environment1",2,"MSE",0.702333886665938,0.241801696349387,0.404300239548795,0.132579916629561,0.658442598203112,0.230137169126659,0.649589544550101,0.334840541437151,2,1.08744385373858,0.258680385213048,2.62456298544684e-05,1.30008060797885
"Environment1",2,"GAUSSIAN",0.704243308643566,0.248647426695283,0.416481924290901,0.121357296628607,0.661396330079891,0.213779209159592,0.643732527751026,0.325815829395948,1,1.09267944465775,0.193337895965299,1.58908584613288e-08,1.30008060797885
"Environment1",2,"NBINOM",0.698214025801023,0.284716714660526,0.417689118274353,0.134730500900211,0.668652422398323,0.269885635573097,0.633898024866022,0.318920749459646,0,1.05944559933973,0.171304772679904,6.22737246320691e-10,1.30008060797885
"Environment2",2,"GLM",0.726557866704964,0.145405169068524,0.395575519395666,0.103844222231871,0.718585539073701,0.147090576749889,0.595241354445361,0.278198133962101,0,0.214216857896779,0.0724168430472241,0.00309533444548226,0.26001612159577
"Environment2",2,"POISSON",0.696015754592823,0.269982159912503,0.410555699281228,0.12919324179875,0.668849588357477,0.244886044306125,0.631516926415938,0.313504448544949,0,0.144772572726351,0.0864882460306552,0.094150486721641,0.26001612159577
"Environment2",2,"MSE",0.702333886665938,0.241801696349387,0.404300239548795,0.132579916629561,0.658442598203112,0.230137169126659,0.649589544550101,0.334840541437151,2,0.149239718295617,0.090526599706896,0.0992351207535621,0.26001612159577
"Environment2",2,"GAUSSIAN",0.704243308643566,0.248647426695283,0.416481924290901,0.121357296628607,0.661396330079891,0.213779209159592,0.643732527751026,0.325815829395948,1,0.194038283507275,0.0888509804315209,0.0289723870140222,0.26001612159577
"Environment2",2,"MAE",0.759717482036676,0.395010330276959,0.396124243933599,-0.412504683040545,0.726518895937542,0.347527989783539,0.626681022428979,0.0485491357586656,5,0.101445271767093,0.152530368854233,0.505997757587403,0.26001612159577
"Environment2",2,"NBINOM",0.698214025801023,0.284716714660526,0.417689118274353,0.134730500900211,0.668652422398323,0.269885635573097,0.633898024866022,0.318920749459646,0,0.129531689867748,0.108056124023314,0.230627289183479,0.26001612159577
"Environment3",2,"GLM",0.726557866704964,0.145405169068524,0.395575519395666,0.103844222231871,0.718585539073701,0.147090576749889,0.595241354445361,0.278198133962101,0,0.0225215472085053,0.102848178678294,0.826666740447936,0.0650040303989426
"Environment3",2,"MSE",0.702333886665938,0.241801696349387,0.404300239548795,0.132579916629561,0.658442598203112,0.230137169126659,0.649589544550101,0.334840541437151,2,-0.0180761933006106,0.0806218815067363,0.82259427666187,0.0650040303989426
"Environment3",2,"GAUSSIAN",0.704243308643566,0.248647426695283,0.416481924290901,0.121357296628607,0.661396330079891,0.213779209159592,0.643732527751026,0.325815829395948,1,0.000448043599095399,0.0796789191894326,0.995513428269246,0.0650040303989426
"Environment3",2,"POISSON",0.696015754592823,0.269982159912503,0.410555699281228,0.12919324179875,0.668849588357477,0.244886044306125,0.631516926415938,0.313504448544949,0,-0.0232222787771098,0.0983379538440337,0.81331808362213,0.0650040303989426
"Environment3",2,"MAE",0.759717482036676,0.395010330276959,0.396124243933599,-0.412504683040545,0.726518895937542,0.347527989783539,0.626681022428979,0.0485491357586656,5,0.0929370370172374,0.115654237693292,0.421641552147524,0.0650040303989426
"Environment3",2,"NBINOM",0.698214025801023,0.284716714660526,0.417689118274353,0.134730500900211,0.668652422398323,0.269885635573097,0.633898024866022,0.318920749459646,0,-0.020233779387936,0.1142245038627,0.85939807410887,0.0650040303989426
